"Time","signing"
2025-09-10 16:23:45,100 vus
2025-09-10 16:23:50,100 vus
2025-09-10 16:23:55,100 vus
2025-09-10 16:24:00,100 vus
2025-09-10 16:24:05,100 vus
2025-09-10 16:24:10,100 vus
2025-09-10 16:24:15,100 vus
2025-09-10 16:24:20,100 vus
2025-09-10 16:24:25,100 vus
2025-09-10 16:24:30,100 vus
2025-09-10 16:24:35,100 vus
2025-09-10 16:24:40,100 vus
2025-09-10 16:24:45,100 vus
2025-09-10 16:24:50,100 vus
2025-09-10 16:24:55,100 vus
2025-09-10 16:25:00,100 vus
2025-09-10 16:25:05,100 vus
2025-09-10 16:25:10,100 vus
2025-09-10 16:25:15,100 vus
2025-09-10 16:25:20,100 vus
2025-09-10 16:25:25,100 vus
2025-09-10 16:25:30,100 vus
2025-09-10 16:25:35,100 vus
2025-09-10 16:25:40,100 vus
2025-09-10 16:25:45,100 vus
2025-09-10 16:25:50,100 vus
2025-09-10 16:25:55,100 vus
2025-09-10 16:26:00,100 vus
2025-09-10 16:26:05,100 vus
2025-09-10 16:26:10,100 vus
2025-09-10 16:26:15,100 vus
2025-09-10 16:26:20,100 vus
2025-09-10 16:26:25,100 vus
2025-09-10 16:26:30,100 vus
2025-09-10 16:26:35,100 vus
2025-09-10 16:26:40,100 vus
2025-09-10 16:26:45,100 vus